Date,Open,High,Low,Close,Volume
2019-06-11,7950.37,8049.41,7724.91,7914.06
2019-06-12,7914.3,8245.53,7834.98,8153.87
2019-06-13,8153.81,8324.65,8063.38,8311.87
2019-06-14,8312.73,8636.56,8180.75,8615.91
2019-06-15,8615.09,8902.8,8615.09,8822.41
2019-06-16,8822.4,9371.82,8801.8,9037.88
2019-06-17,9041.2,9413.55,8969.73,9289.34
2019-06-18,9289.17,9465.6,8942.66,9012.33
2019-06-19,9014.44,9227.21,8956.26,9227.21
2019-06-20,9229.34,9599.94,9221.28,9522.08
2019-06-21,9522.81,9944.32,9470.3,9927.71
2019-06-22,9927.23,11203.9,9868.08,10594.33
2019-06-23,10593.13,11283.03,10397.57,10949.62
2019-06-24,10939.94,11100.15,10559.29,10939.91
2019-06-25,10939.96,11566.64,10939.96,11551.72
2019-06-26,11548.2,13823.31,11522.58,12431.82
2019-06-27,12442.4,13312.24,10338.29,10747.18
2019-06-28,10749.54,12385.46,10748.38,12273.44
2019-06-29,12276.71,12429.24,11356.99,11944.37
2019-06-30,11943.97,12199.97,10863.7,11285.58
2019-07-01,11282.09,11282.64,10006.84,10583.24
2019-07-02,10572.29,10926.06,9682.19,10689.5
2019-07-03,10691.39,11565.89,10675.88,11409.87
2019-07-04,11408.44,12054.87,11396.62,11583.04
2019-07-05,11579.25,11706.39,10793.58,11078.43
2019-07-06,11081.97,11705.98,10850.33,11194.36
2019-07-07,11192.76,11601.69,11072.82,11538.22
2019-07-08,11538.89,12340.65,11339.3,12339.49
2019-07-09,12336.14,12804.58,12123.61,12554.47
2019-07-10,12556.98,13176.59,11572.61,11935.36
2019-07-11,11938.83,12189.42,11015.25,11302.49
2019-07-12,11299.94,11931.89,11102.86,11800.49
2019-07-13,11798.63,11851.85,10830.75,11024.69
2019-07-14,11026.64,11446.97,10332.21,10664.41
2019-07-15,10662.56,10943.73,9884.77,10749.7
2019-07-16,10757.05,11066.3,9401.02,9644.97
2019-07-17,9644.23,9974.82,9092.37,9824.56
2019-07-18,9826.58,10717.93,9295.15,10595.82
2019-07-19,10594.57,10775.2,10139.45,10563.13
2019-07-20,10567.43,11016.64,10399.94,10957.97
2019-07-21,10959.19,11084.81,10335.7,10568.3
2019-07-22,10568.8,10676.6,10079.55,10270.43
2019-07-23,10273.87,10348.61,9875.24,10125.24
2019-07-24,10123.99,10142.45,9539.69,9778.32
2019-07-25,9776.86,10183.78,9745.74,9899.11
2019-07-26,9898.23,9948.97,9668.59,9835.18
2019-07-27,9835.21,10191.65,9310.78,9508.68
2019-07-28,9508.79,9559.71,9351.51,9456.99
2019-07-29,9456.51,9710.61,9140.86,9504.78
2019-07-30,9505,9749.2,9394.72,9586.19
2019-07-31,9588.11,10117.81,9579.68,10050.3
2019-08-01,10049.75,10487.26,9895.78,10419.32
2019-08-02,10419.1,10666.38,10343,10427.8
2019-08-03,10425.89,10914.75,10419.71,10835.25
2019-08-04,10836.79,11032.27,10572.24,10966.15
2019-08-05,10964.54,11944.18,10952.14,11736.44
2019-08-06,11736.95,12316.04,11314.97,11373.26
2019-08-07,11369.96,12132.32,11224.74,11938.18
2019-08-08,11935.48,12018.14,11509.97,11720.99
2019-08-09,11722.26,12039.04,11676.67,11918.17
2019-08-10,11918.51,11971.2,11241.05,11303.51
2019-08-11,11304.26,11553.56,11119.32,11504.72
2019-08-12,11503.71,11583.27,11245.3,11393.48
2019-08-13,11393.42,11439.06,10769.29,10874.59
2019-08-14,10869.82,10902.91,10076.76,10193.32
2019-08-15,10195.32,10414.14,9501.36,10341.03
2019-08-16,10341.26,10543.94,9768.49,10447.58
2019-08-17,10447.68,10485.77,10015.93,10142.96
2019-08-18,10142.78,10512.08,10079.8,10424.56
2019-08-19,10426.84,10827.2,10279.3,10722.74
2019-08-20,10720.02,10955.86,10577.44,10796.13
2019-08-21,10798.93,10846.39,9873.79,10054.33
2019-08-22,10045.46,10230.3,9778.77,10141.55
2019-08-23,10143.6,10460.13,10055.72,10423.89
2019-08-24,10423.87,10457.4,9914.17,10076.27
2019-08-25,10075.87,10352.1,9907.2,10003.61
2019-08-26,10003.38,10625.62,9981.22,10269.92
2019-08-27,10270.92,10397.64,10040.24,10144.06
2019-08-28,10142.45,10280.49,9605.2,9728.75
2019-08-29,9729.56,9755.2,9346.83,9519.55
2019-08-30,9520.82,9698.3,9374.97,9598.6
2019-08-31,9598.57,9676.28,9512.24,9676.28
2019-09-01,9677.54,9778.03,9579.76,9711.99
2019-09-02,9711.92,10452.41,9711.92,10398.65
2019-09-03,10400.95,10769.58,10297.5,10698.73
2019-09-04,10698.59,10822.14,10394.08,10666.9
2019-09-05,10668.95,10695.84,10478.39,10559.76
2019-09-06,10560.67,10937.22,10231.35,10426.52
2019-09-07,10426.59,10572.76,10299.96,10531.56
2019-09-08,10529.25,10594.66,10294.86,10423.59
2019-09-09,10427.06,10508,10109.89,10289.21
2019-09-10,10289.34,10394.17,9969.85,10106.37
2019-09-11,10107.94,10238.04,9882.05,10174.91
2019-09-12,10171.65,10421.94,10057.8,10418.88
2019-09-13,10417.46,10469.84,10189.43,10308.09
2019-09-14,10308.25,10454.34,10265.07,10398.89
2019-09-15,10401,10423.85,10279.9,10305.35
2019-09-16,10305.65,10402.82,10107.56,10317.11
2019-09-17,10316.88,10353.42,10154.88,10225.39
2019-09-18,10224.73,10271.33,10112.5,10201.58
2019-09-19,10202.06,10364.92,9644.28,10276.53
2019-09-20,10277.56,10319.39,10073.69,10119.81
2019-09-21,10117.67,10192.25,9950.86,9991.75
2019-09-22,9989.46,10092.58,9872,10065.91
2019-09-23,10067.38,10095.79,9667.63,9757.05
2019-09-24,9754.21,9785.97,8133.82,8671.45
2019-09-25,8668.78,8797.54,8255.81,8600.7
2019-09-26,8602.19,8660.9,7757.63,8091.29
2019-09-27,8093.12,8302.48,7888.51,8243.04
2019-09-28,8244.87,8279.06,8049.12,8157.31
2019-09-29,8157.53,8339.86,7946.01,8060.48
2019-09-30,8059.37,8371.61,8059.37,8268.58
2019-10-01,8264.58,8534.94,8212.25,8326.56
2019-10-02,8326.83,8386.24,8187.44,8281.99
2019-10-03,8282.03,8433.03,8107.66,8196.2
2019-10-04,8195.6,8293.41,8025.8,8194.08
2019-10-05,8193.78,8231.62,8053.43,8170.43
2019-10-06,8169.84,8232.25,7843.53,7941.72
2019-10-07,7941.49,8317.48,7799.75,8213.83
2019-10-08,8213.52,8354.18,8128.58,8174.53
2019-10-09,8176.25,8689.94,8137.04,8568.1
2019-10-10,8568.55,8670.89,8470.1,8576.18
2019-10-11,8579.5,8814.95,8301.37,8327.47
2019-10-12,8327.54,8439.01,8263.71,8360.29
2019-10-13,8359.02,8487.6,8313.25,8463.4
2019-10-14,8321.64,8405.14,8229.2,8323.84
2019-10-15,8323.57,8425.43,8123.82,8164.06
2019-10-16,8162.64,8193.35,7951.8,7989.45
2019-10-17,7988.52,8140.67,7949.65,8086.75
2019-10-18,8086.55,8156.55,7854.73,7964.82
2019-10-19,7965.31,8099.09,7919.83,7974.74
2019-10-20,7973.65,8325.14,7911.67,8221.14
2019-10-21,8219.25,8350.88,8178.41,8229.02
2019-10-22,8225.23,8318.12,8105.38,8114.43
2019-10-23,8114.33,8132.5,7344.89,7447.06
2019-10-24,7446.9,7522.51,7372.01,7463.66
2019-10-25,7463.13,8773.37,7434.96,8607.31
2019-10-26,8607,10361.46,8600.05,9251.98
2019-10-27,9252.08,9798.36,9116.78,9573.31
2019-10-28,9582.56,9934.04,9284.78,9466.28
2019-10-29,9469.34,9561.44,9126.09,9465.96
2019-10-30,9464,9472.82,9018.3,9233.63
2019-10-31,9234.32,9415.03,8975.69,9135.13
2019-11-01,9134.76,9306.63,9072.95,9233.38
2019-11-02,9226.02,9397.1,9223.46,9315.29
2019-11-03,9317.79,9395.89,9109.24,9233.74
2019-11-04,9237.35,9564.96,9141.34,9400.36
2019-11-05,9400.37,9491.65,9200.9,9345.21
2019-11-06,9344.77,9451.8,9270.06,9349.77
2019-11-07,9346.78,9382.63,9117.77,9238.33
2019-11-08,9236.09,9263.73,8687.33,8815.92
2019-11-09,8814.84,8880.5,8736.14,8829.71
2019-11-10,8817.62,9124.75,8768.47,9099.11
2019-11-11,9099.31,9111.84,8626.18,8722.51
2019-11-12,8720.82,8861.9,8581.12,8779.07
2019-11-13,8780.44,8840.06,8721.81,8765.9
2019-11-14,8762.03,8810.64,8585.67,8660.65
2019-11-15,8660.49,8770.54,8399.72,8514.21
2019-11-16,8515.77,8538.84,8442.97,8495.65
2019-11-17,8492.54,8636.73,8421.02,8555.82
2019-11-18,8555.74,8562.32,8080.38,8218.78
2019-11-19,8218.4,8223.51,8026.91,8142.49
2019-11-20,8142.49,8229.45,8047.88,8098.46
2019-11-21,8099.22,8132.88,7438.61,7631.28
2019-11-22,7631.77,7716.87,6820.53,7282.83
2019-11-23,7279.19,7364.23,7120.71,7327.02
2019-11-24,7326.9,7361.87,6961.43,7057.84
2019-11-25,7056.29,7381.46,6561.6,7224.46
2019-11-26,7224.28,7344.1,7044.7,7158.25
2019-11-27,7158.25,7676.96,6877.2,7553.51
2019-11-28,7555.17,7661.6,7397.3,7403.75
2019-11-29,7409.11,7865.56,7390.13,7751.55
2019-11-30,7753.52,7817.61,7487.7,7567.19
2019-12-01,7567.21,7583.84,7262.64,7404.17
2019-12-02,7404.15,7464.66,7194.44,7350.45
2019-12-03,7350.6,7418.23,7261.09,7329.16
2019-12-04,7330.14,7757.98,7113.67,7225.78
2019-12-05,7226.27,7488.87,7176.53,7413.96
2019-12-06,7414.15,7601.2,7332.85,7537.64
2019-12-07,7536.85,7622.23,7503.38,7547.91
2019-12-08,7548.58,7592.33,7415.46,7573.33
2019-12-09,7573.03,7661.31,7306.74,7349.5
2019-12-10,7349.47,7395.22,7184.23,7252.82
2019-12-11,7254.76,7284.7,7171.02,7213.93
2019-12-12,7216.06,7301.13,7108.74,7203.83
2019-12-13,7204.54,7305.37,7198.36,7250.99
2019-12-14,7251.42,7283.58,7033.63,7104.33
2019-12-15,7104.31,7185.62,7030.7,7137.45
2019-12-16,7137.11,7171.09,6870.63,6907.15
2019-12-17,6906.22,6947.27,6596.57,6605.21
2019-12-18,6602.64,7367.05,6451.5,7367.05
2019-12-19,7405.42,7437.66,7057.85,7164.23
2019-12-20,7162.72,7233.9,7094.54,7211.61
2019-12-21,7209.95,7213.06,7136.49,7167.17
2019-12-22,7167.25,7467.14,7143.26,7416.47
2019-12-23,7416.44,7694.44,7277.21,7301.59
2019-12-24,7299.85,7427.74,7175.58,7252.81
2019-12-25,7252.22,7280.05,7132.3,7227.48
2019-12-26,7223.59,7439.62,7168.87,7209.49
2019-12-27,7208.42,7267.46,7087.77,7249.33
2019-12-28,7249.92,7367.72,7239.5,7326.37
2019-12-29,7325.35,7539.04,7295.5,7410.48
2019-12-30,7411.01,7431.7,7224.87,7272.75
2019-12-31,7273.15,7323.56,7141.98,7189.43
2020-01-01,7187.75,7267.08,7171.82,7211.21
2020-01-02,7203.58,7223.02,6946.18,6979.07
2020-01-03,6979.05,7405.41,6882.62,7307.53
2020-01-04,7307.18,7401.68,7280.41,7353.26
2020-01-05,7354.24,7500.83,7332.62,7355.25
2020-01-06,7355.62,7754.75,7336.35,7727.39
2020-01-07,7722.68,8190.89,7722.68,8041.89
2020-01-08,8042.88,8457.01,7877.96,8068.51
2020-01-09,8068.6,8109.66,7758.39,7810.08
2020-01-10,7811.42,8135.78,7687.55,8089.62
2020-01-11,8090.56,8285.98,8013.96,8076.12
2020-01-12,8075.96,8183.69,7972.39,8155.78
2020-01-13,8157.01,8198.97,8057.58,8122.41
2020-01-14,8121.36,8836.94,8104.42,8746.92
2020-01-15,8738.07,8889.37,8561.03,8846.82
2020-01-16,8845.06,8857.83,8587.4,8714.37
2020-01-17,8714.08,9003.43,8665.99,8924.98
2020-01-18,8923.42,8973.95,8807.88,8941.74
2020-01-19,8941.86,9176.7,8510.61,8636.45
2020-01-20,8636.3,8737.31,8525,8653.09
2020-01-21,8644.38,8767.61,8480.43,8714.72
2020-01-22,8713.23,8791.54,8585.37,8647.09
2020-01-23,8647.1,8678.87,8292.12,8402.73
2020-01-24,8404.32,8515.44,8226,8455.93
2020-01-25,8456.61,8462.65,8263.42,8349.44
2020-01-26,8348.03,8603.81,8303.15,8564.38
2020-01-27,8565.12,8987.48,8563.12,8896.41
2020-01-28,8898.06,9181.73,8881.61,9142.73
2020-01-29,9143.95,9429.13,9117.96,9329.68
2020-01-30,9329.72,9559.04,9193.82,9554.64
2020-01-31,9557.75,9559.58,9211.87,9397.12
2020-02-01,9398.1,9455.61,9296.87,9372.78
2020-02-02,9372.66,9469.59,9171.78,9392.97
2020-02-03,9391.22,9602.18,9234.61,9273.94
2020-02-04,9273.29,9346.98,9089.96,9180.92
2020-02-05,9180.71,9745.63,9156.8,9622.73
2020-02-06,9622.81,9852.31,9534.37,9677.88
2020-02-07,9676.87,9863.62,9657.23,9792.8
2020-02-08,9792.65,9935.87,9665.42,9914.39
2020-02-09,9913.46,10161.31,9882.13,10113.05
2020-02-10,10112.27,10185.09,9762.66,9839.53
2020-02-11,9841.06,10365.64,9716.75,10229.9
2020-02-12,10229.2,10470.1,10215.39,10353.92
2020-02-13,10353.26,10499.54,10091.46,10214.64
2020-02-14,10213.8,10387.37,10105.65,10364.16
2020-02-15,10363.47,10387.79,9797.13,9924.81
2020-02-16,9924.8,10041.16,9640.84,9872.16
2020-02-17,9875.03,9993.59,9485.68,9636.3
2020-02-18,9634.52,10270.79,9620.75,10181.53
2020-02-19,10180.67,10296.28,9355.55,9691.02
2020-02-20,9690.09,9694.5,9410.69,9628.55
2020-02-21,9628.61,9765.34,9582.36,9677.7
2020-02-22,9676.69,9726.73,9578.48,9686.48
2020-02-23,9683.12,10010.19,9669.93,9925.76
2020-02-24,9930.66,10018.69,9497.04,9650.26
2020-02-25,9649.06,9680.98,9263.9,9388.37
2020-02-26,9390.18,9390.43,8658.66,8798.22
2020-02-27,8795.68,8977.62,8542.53,8805.91
2020-02-28,8797.66,8907.9,8455.92,8796.17
2020-02-29,8802.25,8818.59,8608.11,8655.5
2020-03-01,8655.77,8775.71,8445.67,8565.58
2020-03-02,8568.82,8980.82,8523.16,8941.39
2020-03-03,8936.53,8939.89,8680.59,8792.87
2020-03-04,8791.22,8862.82,8695.82,8765.47
2020-03-05,8766.56,9178.43,8761.22,9082.8
2020-03-06,9082.49,9183.12,9015.72,9125.93
2020-03-07,9126.1,9216.51,8882.64,8945.86
2020-03-08,8945.78,8947.83,8191.88,8194.35
2020-03-09,8191.99,8264.82,7665.32,7894.55
2020-03-10,7891.96,8164.18,7761.11,7972.45
2020-03-11,7971.21,7996.26,7618.7,7983.29
2020-03-12,7976.18,7989.08,5587.25,5804.22
2020-03-13,5808.99,5982.35,3953.37,5664.34
2020-03-14,5663.01,5762,5204.51,5292.41
2020-03-15,5286.12,5951.2,5073.58,5362.88
2020-03-16,5359.53,5448.2,4459.22,4945.02
2020-03-17,4947.51,5561.43,4927.98,5464
2020-03-18,5460.8,5463.67,5033.38,5364.51
2020-03-19,5365.51,6415.91,5268.33,6300.94
2020-03-20,6303.2,6921.28,5703.98,6192.29
2020-03-21,6171.54,6459.65,5894.61,6175.12
2020-03-22,6175.12,6410.9,5812.01,5884.5
2020-03-23,5884.5,6614.56,5703.64,6469.2
2020-03-24,6469.2,6837.2,6408.98,6786.43
2020-03-25,6786.04,6978.39,6483.69,6676.03
2020-03-26,6699.66,6792.73,6543.99,6726.52
2020-03-27,6723.31,6871.65,6596.34,6685.97
2020-03-28,6684.98,6684.98,6061.28,6229.96
2020-03-29,6229.08,6286.87,5883.82,5914.65
2020-03-30,5912.8,6578.29,5874.97,6545.53
2020-03-31,6547.7,6614.08,6354.48,6458.95
2020-04-01,6458.39,6468.38,6171.55,6376.67
2020-04-02,6376.75,7234.86,6375.42,6844.73
2020-04-03,6841.24,7043.56,6622.82,6738.37
2020-04-04,6739.64,6993.65,6681.78,6878.93
2020-04-05,6881.11,6909.72,6692.04,6768.56
2020-04-06,6768.65,7318.78,6768.65,7299.91
2020-04-07,7300.54,7460.26,7085.64,7185.13
2020-04-08,7179.96,7423.58,7141.61,7334.54
2020-04-09,7335.15,7395.43,7129.89,7317.62
2020-04-10,7319.58,7322.25,6764.19,6906.14
2020-04-11,6905.45,6955.1,6786.12,6874.99
2020-04-12,6876.99,7199.78,6802.88,7131.02
2020-04-13,7131.09,7150.12,6614.68,6843.65
2020-04-14,6845.05,6985.52,6777.86,6861.58
2020-04-15,6863.38,6937.04,6697.41,6743.5
2020-04-16,6743.32,7127.56,6493.53,7081.18
2020-04-17,7081.09,7203.68,7006.2,7052.61
2020-04-18,7052.53,7274.71,7034.38,7230.87
2020-04-19,7230.93,7301.82,7072.6,7205.19
2020-04-20,7201.81,7222.48,6772.31,6861.8
2020-04-21,6860.42,6947.49,6781.25,6902.73
2020-04-22,6903.1,7164.36,6831.66,7102.66
2020-04-23,7102.77,7726.49,7041.81,7602.88
2020-04-24,7600.1,7606.41,7414.86,7515.94
2020-04-25,7512.97,7704.84,7448.13,7532.02
2020-04-26,7532.02,7705.21,7506.62,7633.16
2020-04-27,7634.78,7789.4,7590.36,7739.75
2020-04-28,7737.57,7790.82,7673.01,7739.38
2020-04-29,7737.76,8945.91,7730.76,8868.36
2020-04-30,8867.43,9457.54,8420.88,8766.97
2020-05-01,8764.21,9062.29,8601.95,8847.22
2020-05-02,8849.01,9012.25,8777.69,8938.49
2020-05-03,8936.93,9197.17,8739.56,8862.19
2020-05-04,8860.19,8962.39,8539.04,8952.17
2020-05-05,8952.3,9116.41,8785.25,8972.98
2020-05-06,8972.68,9391.01,8924.47,9293.71
2020-05-07,9293.51,9961.47,9059.18,9883.19
2020-05-08,9882.01,10061.09,9735.91,10011.07
2020-05-09,10012.92,10015.45,9528.95,9607.33
2020-05-10,9607.63,9673.92,8258.16,8726.03
2020-05-11,8724.44,9155.83,8242.53,8577.82
2020-05-12,8578.46,8974.82,8513.19,8751.62
2020-05-13,8752.91,9406.17,8752.91,9363.05
2020-05-14,9361.78,9933.09,9266.52,9781.12
2020-05-15,9779.64,9844.79,9163.55,9414.35
2020-05-16,9416.91,9575.1,9227.65,9383.53
2020-05-17,9383.32,9883.98,9337.27,9761.77
2020-05-18,9761.56,9940.71,9502.07,9683.76
2020-05-19,9683.67,9890.48,9480.02,9684.7
2020-05-20,9684.32,9828.37,9329.82,9549.99
2020-05-21,9549.93,9567.93,8812.57,9101.77
2020-05-22,9101.83,9262.58,8940.3,9206.07
2020-05-23,9206.26,9310.17,9102.99,9228.94
2020-05-24,9229.05,9306.63,8867.25,9055.57
2020-05-25,9058.01,9070.08,8642.57,8900.96
2020-05-26,8901.53,9011.05,8706.55,8849.2
2020-05-27,8847.34,9217.09,8807.15,9066.03
2020-05-28,9066.34,9523.58,9062.74,9439.21
2020-05-29,9437.5,9616.93,9346.95,9390.35
2020-05-30,9392.19,9578.52,9340.6,9482.7
2020-05-31,9483.14,9735.11,9429.2,9463.44
2020-06-01,9463.42,9688.51,9403.63,9651.85
2020-06-02,9653.98,10357.59,9349.83,9523.86
2020-06-03,9523.87,9627.65,9416.19,9583.71
2020-06-04,9584.53,9872.94,9471.57,9777.66
2020-06-05,9777.92,9852.65,9620.66,9660.67
2020-06-06,9662.82,9728.34,9537.12,9695.04
2020-06-07,9695.2,9802.38,9412.28,9710.79
2020-06-08,9710.78,9788.91,9660.75,9712.79
2020-06-09,9711.31,9877.63,9611.18,9822.91
2020-06-10,9822.93,9987.37,9709.39,9854.13
2020-06-11,9855.21,9969.57,9095.89,9345.62
2020-06-12,9345.14,9547.68,9239.78,9439.64
2020-06-13,9440.23,9490.34,9366.23,9424.64
2020-06-14,9425.01,9479.33,9316.89,9338.84
2020-06-15,9340.39,9497.16,8910.56,9437.14
2020-06-16,9437.39,9581.72,9383.65,9507.66
2020-06-17,9506.29,9548.34,9247.23,9409.8
2020-06-18,9409.64,9479.47,9277.98,9366.75
2020-06-19,9365.07,9419.9,9239.6,9324.16
2020-06-20,9324.94,9352.55,9184.09,9339.38
2020-06-21,9339.37,9413.96,9305.03,9328.56
2020-06-22,9328.63,9773.86,9282.75,9690.25
2020-06-23,9689.26,9720.09,9581.07,9649.24
2020-06-24,9648.6,9664.38,9209,9265.66
2020-06-25,9265.2,9328.81,9005.67,9301.57
2020-06-26,9301.64,9309.94,9045.11,9174.83
2020-06-27,9175.15,9199.68,8869.99,9059.03
2020-06-28,9059.18,9189.3,8946.54,9124.24
2020-06-29,9124.89,9233.84,9027.25,9212.15
2020-06-30,9210.95,9232.66,9069.9,9163.73
2020-07-01,9163.43,9299.29,9097.79,9243.83
2020-07-02,9243.86,9267.63,8956.73,9152.23
2020-07-03,9141.33,9144.84,9059.2,9100.2
2020-07-04,9100.65,9195.86,9050.04,9125.2
2020-07-05,9125.2,9152.86,8941.13,9040.05
2020-07-06,9039.31,9350.81,9039.31,9284.22
2020-07-07,9280.13,9375.67,9209.21,9248.45
2020-07-08,9246.92,9471.56,9236.79,9434.18
2020-07-09,9435.22,9468.36,9171.47,9253.41
2020-07-10,9253.93,9255.25,9128.87,9216.37
2020-07-11,9219.61,9316.6,9189.03,9224.6
2020-07-12,9224.59,9337.38,9170.74,9268.97
2020-07-13,9269.46,9336.28,9203.01,9249.25
2020-07-14,9249.72,9279.27,9118.97,9244.36
2020-07-15,9243.73,9272.45,9162.02,9226.55
2020-07-16,9227.16,9230.14,9037.89,9126.44
2020-07-17,9126.58,9181.93,9083.27,9154.51
2020-07-18,9150.16,9204.08,9126.06,9181.37
2020-07-19,9180.47,9186.03,9114,9175.75
2020-07-20,9175.91,9232.19,9137.99,9174.18
2020-07-21,9174.11,9430.5,9161.04,9383.57
2020-07-22,9381.85,9394.34,9293.14,9381.49
2020-07-23,9383.91,9673.04,9376.78,9618.66
2020-07-24,9619.07,9647.78,9477.32,9611.2
2020-07-25,9610.84,9743.85,9531.02,9701.95
2020-07-26,9702.46,10138.4,9659.72,9888.63
2020-07-27,9889.27,11132.18,9889.27,11125.84
2020-07-28,11123.26,11395.93,10604.47,11025.21
2020-07-29,11023.71,11348.34,10857.62,11297.07
2020-07-30,11301.23,11319.1,10876.92,11097.26
2020-07-31,11097.37,11453.32,10984.01,11397.67
2020-08-01,11398.61,11873.91,11241.8,11772.18
2020-08-02,11772.95,12105.74,10727.87,11136.86
2020-08-03,11137.39,11475.67,10955.56,11222.75
2020-08-04,11183.99,11414.43,11028.59,11241.09
2020-08-05,11236.37,11790.62,11105.46,11779.11
2020-08-06,11779.73,11909.57,11560.63,11747.23
2020-08-07,11747.95,11911.96,11354.17,11602.49
2020-08-08,11603.79,11810.8,11536.43,11765.41
2020-08-09,11765.16,11802.09,11535.28,11648.47
2020-08-10,11650.41,12072.04,11644.6,11839.01
2020-08-11,11843.57,11939.88,11141.58,11302.45
2020-08-12,11299.68,11620.8,11188.04,11509.61
2020-08-13,11509.1,11733.09,11286.85,11697.92
2020-08-14,11697.43,11861.68,11660.86,11773.93
2020-08-15,11773.56,11981.62,11701.3,11914.37
2020-08-16,11914.82,11974.85,11702,11862.5
2020-08-17,11861.52,12474.48,11776.08,12334.97
2020-08-18,12335.31,12412.6,11863.74,12075.01
2020-08-19,12075.45,12086.86,11598.2,11715.81
2020-08-20,11715.01,11888.57,11680.89,11832.75
2020-08-21,11833.81,11882.15,11497.77,11527.98
2020-08-22,11534.38,11681.18,11379.9,11673.58
2020-08-23,11673.03,11712.15,11521.89,11671.43
2020-08-24,11671.41,11827.45,11597.69,11759.31
2020-08-25,11759.34,11786.73,11134.75,11312.77
2020-08-26,11311.49,11541.3,11261.21,11476.86
2020-08-27,11476.9,11590.33,11139.28,11289.13
2020-08-28,11291.76,11553.2,11270.53,11500.96
2020-08-29,11498.69,11585.9,11436.44,11513.18
2020-08-30,11513.72,11687.99,11470.24,11607.49
2020-08-31,11609.02,11775.01,11586.39,11638.05
2020-09-01,11639.59,12054.87,11544.94,12027.41
2020-09-02,12027.43,12049.18,11220.42,11387.62
2020-09-03,11387.62,11466.31,10514.61,10734.17
2020-09-04,10734.17,10760.16,10021.07,10561.84
2020-09-05,10563.61,10594.72,9884.21,10094.72
2020-09-06,10097.16,10359.63,9978.55,10329.05
2020-09-07,10329.34,10354.48,9895.68,10160.76
2020-09-08,10160.75,10443.72,9939.63,10029.85
2020-09-09,10030.92,10348.46,9868.75,10245.04
2020-09-10,10245.6,10493.28,10191.51,10351.49
2020-09-11,10351.05,10380.78,10216.81,10349.1
2020-09-12,10349.01,10486.58,10282.86,10455.56
2020-09-13,10457.59,10578.85,10224.91,10303.68
2020-09-14,10303.93,10753.06,10259.71,10717.92
2020-09-15,10719.68,10933.94,10630.69,10857.6
2020-09-16,10862.81,11094.01,10673.01,11018.82
2020-09-17,11020.09,11045.98,10760.07,10962.52
2020-09-18,10962.27,11039.97,10824.81,10942.16
2020-09-19,10943.96,11172.12,10897.69,11054.46
2020-09-20,11054.36,11088.34,10778.79,10876.56
2020-09-21,10876.09,10991.97,10346.94,10508.75
2020-09-22,10508.45,10576.61,10366.89,10550.98
2020-09-23,10552.37,10559.88,10167.34,10260
2020-09-24,10256.9,10711.94,10213.82,10651.58
2020-09-25,10651.61,10791.15,10564.66,10752.93
2020-09-26,10756.64,10818.56,10658.19,10730.61
2020-09-27,10728.56,10809.3,10613.66,10726.61
2020-09-28,10734.61,10949.59,10734.61,10890.12
2020-09-29,10889.1,10889.1,10644.14,10770.6
2020-09-30,10772.79,10860.58,10666.35,10708.3
2020-10-01,10706.91,10921.06,10456.41,10592.89
2020-10-02,10594.04,10668.25,10389.82,10477.16
2020-10-03,10476.8,10601.27,10475.38,10578.87
2020-10-04,10585.15,10699.7,10534.97,10653.73
2020-10-05,10653.27,10769.47,10628.32,10743.74
2020-10-06,10743.75,10801.48,10533.32,10575.41
2020-10-07,10575.19,10679.69,10555.41,10663.35
2020-10-08,10663.25,10955.47,10542.64,10884.82
2020-10-09,10884.31,11109.01,10841.87,11059.22
2020-10-10,11058.78,11484.57,11049.39,11378.03
2020-10-11,11373.96,11433.64,11274.08,11328.49
2020-10-12,11325.33,11721.44,11229.86,11692.18
2020-10-13,11691.32,11704.33,11316.3,11454.94
2020-10-14,11453.72,11549.17,11298.88,11383.87
2020-10-15,11384.14,11604.15,11272.07,11505.6
2020-10-16,11499.04,11545.35,11226.17,11344.58
2020-10-17,11344.58,11404.53,11272.41,11349.13
2020-10-18,11349.69,11486.34,11344.02,11463.3
2020-10-19,11462.26,11818.71,11417.25,11756.21
2020-10-20,11755.77,12045.57,11689.99,11930.17
2020-10-21,11931.17,12987.71,11899.32,12938.78
2020-10-22,12930.05,13233.79,12704.16,13156.22
2020-10-23,13154.11,13196.9,12736.37,12919.74
2020-10-24,12917.92,13166.83,12888.59,13080.56
2020-10-25,13080.69,13346.47,12910.73,13020.76
2020-10-26,13020.59,13241.03,12798.27,13056.19
2020-10-27,13055.37,13754.04,13050.79,13736.87
2020-10-28,13737.79,13855.11,12906.15,13266.97
2020-10-29,13267,13642.5,12988.06,13412.45
2020-10-30,13410.7,13673.89,13135,13571.37
2020-10-31,13569.02,14072.54,13433.06,13875.37
2020-11-01,13875.29,13891.75,13631.23,13698.19
2020-11-02,13701.09,13828.39,13224.04,13581.91
2020-11-03,13581.16,13847.22,13303.27,13832.39
2020-11-04,13833.74,14256.47,13541.56,14122.59
2020-11-05,14132.21,15561.63,14084.62,15558.93
2020-11-06,15558.93,15947.65,15223.12,15612.12
2020-11-07,15614.27,15764.99,14441.61,14831.86
2020-11-08,14830.73,15653.05,14740.5,15520.06
2020-11-09,15522.37,15809.75,14834.05,15253.8
2020-11-10,15255.27,15476.84,15099.56,15381.51
2020-11-11,15383.44,15978.82,15288.78,15810.4
2020-11-12,15802.06,16341.5,15482.05,16226.29
2020-11-13,16236.67,16481.47,15977.48,16319.21
2020-11-14,16318.59,16354.05,15727.94,16035.72
2020-11-15,16036.14,16156.54,15796.89,15942.33
2020-11-16,15937.06,16876.16,15878.89,16728.02
2020-11-17,16718.7,17852.02,16563.71,17604.11
2020-11-18,17605.71,18461.46,17277.3,17835.16
2020-11-19,17827.97,18167.56,17367.78,17886.25
2020-11-20,17881.16,18812.46,17723.79,18626.02
2020-11-21,18629.04,18965.93,18370.12,18631.79
2020-11-22,18631.52,18756.34,17644.29,18627.71
2020-11-23,18575.37,18693.52,18029.65,18421.21
2020-11-24,18422.32,19418.44,18129.23,19126.95
2020-11-25,19124.04,19487.42,18647.81,18777.45
2020-11-26,18780.77,18904.52,16274.74,17199.82
2020-11-27,17199.37,17478.26,16469.18,16991.34
2020-11-28,16988.16,17892.2,16897.58,17784.84
2020-11-29,17784.14,18345.29,17547.7,18161.34
2020-11-30,18159.02,19841.86,18153.13,19490.32
2020-12-01,19491.65,19909.56,18225.69,18952.18
2020-12-02,18940.97,19332.99,18355.55,19134.12
2020-12-03,19127.29,19604.12,18891.88,19482.7
2020-12-04,19484.85,19550.08,18620.04,18670.06
2020-12-05,18687.68,19172.97,18517.09,19021.04
2020-12-06,19021.57,19333.91,18889.2,19145.13
2020-12-07,19147.05,19413.15,18911.71,19126.24
2020-12-08,19126.86,19294.8,18471.96,18471.96
2020-12-09,18389.36,18604.84,17671.52,18560.06
2020-12-10,18557.67,18639.14,17921.01,18334.59
2020-12-11,18334.6,18382.04,17598.61,18131.57
2020-12-12,18135.04,18941.54,18030.01,18886.51
2020-12-13,18885.34,19414.57,18738.38,19111.32
2020-12-14,19109.56,19332.61,19010.03,19285.96
2020-12-15,19288.4,19552.23,19064.88,19472.69
2020-12-16,19474,21436.94,19299.98,21397.23
2020-12-17,21389.46,23694.54,21235.76,22963.81
2020-12-18,22976.26,23270.31,22359.84,23029.28
2020-12-19,23030.28,24112.65,22796.34,23919.63
2020-12-20,23922.57,24240.62,23108.71,23484.48
2020-12-21,23485.42,24076.71,22040.08,23184.78
2020-12-22,23174.44,23759.17,22386.91,23723.85
2020-12-23,23723.77,24067.12,22666.35,23270.64
2020-12-24,23277.11,23724.85,22722.32,23676.98
2020-12-25,23701.85,24659.39,23420.47,24565.54
2020-12-26,24568,26769.38,24503.49,26376.78
2020-12-27,26379.7,28329.16,25833.08,26473.92
2020-12-28,26481.85,27429.05,26088.88,26826.48
2020-12-29,26857.74,27176.36,25882.73,27011.57
2020-12-30,27020.72,28985.33,26937.77,28731.52
2020-12-31,28725.66,29301.37,27975.69,29110.37
2021-01-01,29129.06,29665.79,28754.58,29340.43
2021-01-02,29340.18,33246.64,29040.15,32198.69
2021-01-03,32172.1,34770.72,31721.39,33148.12
2021-01-04,33146.98,33621.39,28496.8,31387.02
2021-01-05,31361.18,34486.79,29997.68,34310.41
2021-01-06,34304.01,36477.93,33417,36058.42
2021-01-07,36073.46,40335.15,36052.83,39675.41
2021-01-08,39700.86,41945.44,36696.09,40717.17
2021-01-09,40729.42,41394.99,38798.72,40413.68
2021-01-10,40417.03,41422.33,35315.34,38455.04
2021-01-11,38450.15,38660.65,30314.05,34470.16
2021-01-12,34446.85,36607.99,32526.74,33648.77
2021-01-13,33715.59,37804.59,32426.19,37164.99
2021-01-14,37165.93,40082.91,36776.45,38872.58
2021-01-15,38947.33,39677.43,34459.37,36632.16
2021-01-16,36605.81,37942.11,35425.89,36139.13
2021-01-17,36146.05,36856.58,33858.58,36214.23
2021-01-18,36189.66,37424.07,34809.4,36464.9
2021-01-19,36478.45,37862.58,36093.35,36686.14
2021-01-20,36684.24,36730.9,33527.07,35008.44
2021-01-21,34998.85,35669.53,30080.48,30856.84
2021-01-22,30867.09,33850.02,28823.75,32875.82
2021-01-23,32873.46,33483.6,31442.25,32085.94
2021-01-24,32083.66,33074.48,30992.47,32180.86
2021-01-25,32166.01,34877.33,31938.09,32487.45
2021-01-26,32460.37,32825.68,30856.71,32736.06
2021-01-27,32763.19,32937.04,29272.28,30600.35
2021-01-28,30601.89,33548.33,29909.63,33536.97
2021-01-29,33535.89,38629.1,31998.4,34488.23
2021-01-30,34495.98,34903.21,32875.78,34601.79
2021-01-31,34593.86,34593.86,32219.05,33006.07
2021-02-01,33008.65,34704.38,32342.7,33561.36
2021-02-02,33561.96,36004.08,33464.08,35629.27
2021-02-03,35610.12,37525.69,35426.09,37315.17
2021-02-04,37310.08,38740.3,36249.68,37293.47
2021-02-05,37300.85,38339.88,36638.26,37839.97
2021-02-06,37831.63,40982.01,37809.25,40060.73
2021-02-07,40046.09,40046.09,37411.6,38828.27
2021-02-08,38829.27,44994.26,38077.43,44667.93
2021-02-09,44693.05,48192.9,44679.42,46880.5
2021-02-10,46893.22,47337.39,43769.39,45229.53
2021-02-11,45232.8,48620.26,44061.5,47709.69
2021-02-12,47713.78,48919.57,46264.25,47951.53
2021-02-13,47943.37,48145.41,46295.18,47141.16
2021-02-14,47125.07,49638.86,47090.79,49113.17
2021-02-15,49092.84,49105.82,45938.68,48259.33
2021-02-16,48321.61,50522.6,47071.46,49134.75
2021-02-17,49131.73,52622.27,48968.95,52142.73
2021-02-18,52133.95,52542.49,50908.14,51876.35
2021-02-19,51870.58,56247.06,50782.89,55466.76
2021-02-20,55459.53,57522.13,54196.1,55509.93
2021-02-21,55491.95,58346.64,55425.29,57354.87
2021-02-22,57365.31,57587.59,48389.98,54157.86
2021-02-23,54119.26,54328.9,45016.9,48697.14
2021-02-24,48651.85,51359.84,47041.8,48885.21
2021-02-25,48871.21,52084.15,47450.01,48125.8
2021-02-26,48206.34,48435.06,44200.71,45526.6
2021-02-27,45514.16,48313.94,45439.93,45874.17
2021-02-28,45850.59,46640.88,43143.76,45272.13
2021-03-01,45273.2,49495.28,44976.3,49169.25
2021-03-02,49173.23,50220.96,47097.84,47845.16
2021-03-03,47849.33,52601.54,47790.59,50601.83
2021-03-04,50607.68,51782.52,47516.91,48251
2021-03-05,48246.38,49463.36,46351.48,49094.77
2021-03-06,49087.75,49179.76,47113.25,48959.95
2021-03-07,48964.86,51339.58,48854.33,50515.62
2021-03-08,50515.37,51978.39,49343.72,51602.47
2021-03-09,51618.45,54882.89,51618.45,54807.49
2021-03-10,54842.37,57378.11,53077.9,56941.26
2021-03-11,56932.71,58024.18,54338.53,57954.85
2021-03-12,57955.32,58141.38,55097.89,57253.43
2021-03-13,57241.81,61747.57,56129.51,61086.16
2021-03-14,61071.12,61658.02,59335.67,60209.01
2021-03-15,60215.76,60727.94,54944.56,56148.67
2021-03-16,56160.99,56818.55,53302.87,56308.07
2021-03-17,56285.37,58956.28,54185.92,58356.59
2021-03-18,58387.26,60070.33,57035.47,57695.57
2021-03-19,57656.94,59441.36,56302.82,58531.77
2021-03-20,58511.08,59887.11,57842.98,58538.37
2021-03-21,58514.8,58589.66,55652.84,57637.37
2021-03-22,57611.49,58422.26,53813.08,54574.88
2021-03-23,54616.05,55836.27,52990.73,54395.13
2021-03-24,54391.53,57192.06,51704.9,52596.73
2021-03-25,52536.85,53186.66,50444.41,51757.9
2021-03-26,51763.07,54800.24,51269.2,54431.57
2021-03-27,54427.9,56551.35,54005.21,56412.04
2021-03-28,56409.04,56516.5,54723.56,55143.22
2021-03-29,55141.22,58382.24,54922.48,57555.35
2021-03-30,57560.06,59397.98,57055.95,58761.78
2021-03-31,58758.28,59813.37,56969.29,58949.35
2021-04-01,58946.82,59469.44,57959.45,58755.89
2021-04-02,58753.21,60057.4,58471.92,58774.31
2021-04-03,58766.69,59759.08,57553.93,57679.01
2021-04-04,57656.04,58488.93,56501.13,58115.01
2021-04-05,58126.03,59215.51,56838.23,58673.43
2021-04-06,58680.73,59459.5,57386.01,57927.25
2021-04-07,57878.68,58624.31,55471.62,56185.72
2021-04-08,56168.54,58145.58,55725.84,57675.68
2021-04-09,57673.59,58881.65,57571.12,58340.46
2021-04-10,58340.35,61182.46,57869.45,59107.93
2021-04-11,59119.8,60659.27,59040.19,59546.6
2021-04-12,59571.89,61232.72,59420.66,60002.2
2021-04-13,59989.55,63680.47,59820.4,63137.94
2021-04-14,63128.33,64830.5,61366.49,62810.22
2021-04-15,62778.16,63813.87,62042.25,63460.86
2021-04-16,63458.68,63582.92,60061.44,61840.05
2021-04-17,61826.37,62539.41,59725.65,60773.59
2021-04-18,60773.06,60857.5,52864.15,56352.34
2021-04-19,56362.07,57573.59,54297.06,56337.85
2021-04-20,56332.63,57085.68,53434.75,57014.44
2021-04-21,57049.17,57094.38,54358.36,54816.2
2021-04-22,54780.89,55454.84,50552.85,51699.53
2021-04-23,51655.72,52217.37,47534.56,50439.98
2021-04-24,50359.28,51216.61,48774.88,50876.92
2021-04-25,50909.44,50996.92,47090.12,47694.45
2021-04-26,47674.91,54388.07,47600.66,53384.26
2021-04-27,53403.48,55487.97,52960.22,55323.9
2021-04-28,55322.11,56442.68,53907.63,54857.8
2021-04-29,54853.51,55208.42,52399.57,53340.24
2021-04-30,53349.98,57372.81,53096.56,57046.48
2021-05-01,57045.85,58497.46,56967.38,57468.41
2021-05-02,57480.92,57961.56,56137.39,56701.56
2021-05-03,56701.58,58963.05,56303.03,57130.72
2021-05-04,57139.08,57489.45,53334.12,54386.58
2021-05-05,54388.6,57939.49,52993.34,56844.82
2021-05-06,56855.33,58380.94,55340.92,56386.41
2021-05-07,56354.72,58685.05,55344.38,57426.57
2021-05-08,57425.37,59521.05,56832.58,58863.02
2021-05-09,58869.5,59276.61,56397.64,58101.36
2021-05-10,58078.16,59587.02,54292.53,55755.62
2021-05-11,55727.96,56927.77,54526.65,56571.94
2021-05-12,56580.14,57993.13,53597.32,54579.29
2021-05-13,54578.92,54784.32,47054.39,49594.18
2021-05-14,49594.06,51549.96,48475.25,49864.94
2021-05-15,49861.83,50702.08,46999.03,48449.38
2021-05-16,48451.2,49795.69,43942.32,45245.65
2021-05-17,45210.91,46637.1,42166.69,43547.62
2021-05-18,43520.38,45813.2,42451.07,43010.06
2021-05-19,43006.66,43550.53,30108.11,38872.52
2021-05-20,38840.66,42505.59,35021.67,40704.35
2021-05-21,40763.56,42209.29,33582.72,36663.66
2021-05-22,36669.61,38825.32,35294.18,38188.39
2021-05-23,38215.3,38360.64,31190.22,34057.92
2021-05-24,34070.2,39896,33690.34,38641.79
2021-05-25,38531.49,39834.36,36537.16,37983.34
2021-05-26,37983.45,40845,37867.15,39102.29
2021-05-27,39094.38,40353.77,37225.27,39048.18
2021-05-28,38995.3,39168.29,34758.44,35041.21
2021-05-29,35046.5,37292.51,33676.01,34679.95
2021-05-30,34686.03,36449.9,33459.26,35961.72
2021-05-31,35956.92,37470.84,34216.36,36966.57
2021-06-01,36943.56,37905.3,35734.9,36389.27
2021-06-02,36405.16,38223.98,35941.18,37809.74
2021-06-03,37810.76,39481.11,37202.79,38779.5
2021-06-04,38766.24,39271.38,35648.19,37220.06
2021-06-05,37225.19,37907.75,34852.5,35000.07
2021-06-06,35008.99,36446.66,34919.36,35940.32
2021-06-07,35944.38,36776.7,33702.66,34136.83
2021-06-08,34137.77,34295.78,31062.66,33526.18
2021-06-09,33510.52,36850.97,32440.25,36648.45
2021-06-10,36655.93,38355.96,35829.96,36658.74
2021-06-11,36710.33,37659.36,35995.03,36924.25
2021-06-12,36933.54,37486.46,34691.06,35853.81
2021-06-13,35831.69,39371.12,34822.1,38899.82
2021-06-14,38897,40999.11,38713.82,40284.14
2021-06-15,40289.28,41306.66,39586.79,39968.84
2021-06-16,39969.72,40486.58,38359,38756.05
2021-06-17,38767.13,39526.71,37398.02,37743.33
2021-06-18,37750.98,38202.35,35168.03,35681.22
2021-06-19,35680.06,36376.3,34887.31,35896.86
2021-06-20,35887.74,36113.34,33377.88,35568.15
2021-06-21,35563.83,35776.28,31420.58,31499.8
2021-06-22,31512.95,33296.18,28935.49,32496.3
2021-06-23,32485.75,34796.09,31807.24,33381.18
2021-06-24,33365.81,35231.92,32344.94,34797.49
2021-06-25,34780.04,35492.77,31500.16,31770.56
2021-06-26,31780.86,32661.44,30195.11,31445.12
2021-06-27,31466.27,33587.65,31425.24,32844.97
2021-06-28,32871.23,35290.72,32843.94,34690.38
2021-06-29,34658.73,36566.07,34151,36249.43
2021-06-30,36238.69,36254.86,34072.75,34809.39
2021-07-01,34822.22,35206.4,32799.1,33505.08
2021-07-02,33501.06,33950.68,32733.75,33465.91
2021-07-03,33464.59,34929.13,33355.37,34595.26
2021-07-04,34579.96,35944.44,34295.89,35866.53
2021-07-05,35889.35,35889.35,33180.88,34169.84
2021-07-06,34164.49,35088.68,33581.41,33766.68
2021-07-07,33765.91,35044.83,33739.41,34250.12
2021-07-08,34250.47,34290.54,32118.69,32686.88
2021-07-09,32686.84,34002.3,32289.89,33871.27
2021-07-10,33861.06,34230.25,33062.36,33431.63
2021-07-11,33429.01,34578.63,33335.4,34473.46
2021-07-12,34491.35,34635.86,32663.2,32868.73
2021-07-13,32866.92,33324.86,32215.24,32583.88
2021-07-14,32587.64,33064.55,31627.8,32861.26
2021-07-15,32859.57,33184.13,31155.16,31730.85
2021-07-16,31675.69,32254.91,31072.93,31745.52
2021-07-17,31742.68,31950.85,31201.93,31728.59
2021-07-18,31728.95,32438.88,31158.82,31847.65
2021-07-19,31848.22,31942.76,30493.68,30783.38
2021-07-20,30768.3,31061.78,29324.26,29702.2
2021-07-21,29702.39,32811.31,29511.46,31841.66
2021-07-22,31844.98,32596.5,31740.27,32163.44
2021-07-23,32145.2,32885.9,32039.75,32647.71
2021-07-24,32628.62,34516.81,32605.85,34124.62
2021-07-25,34125.45,34818.56,33889.29,34587.33
2021-07-26,34588.49,40533.88,34491.21,37115.72
2021-07-27,37129.87,38771.06,36422.45,38284.35
2021-07-28,38357.22,40883.81,38146.43,40102.8
2021-07-29,40102.44,40627.74,39324.95,39560.89
2021-07-30,39564.38,41497.48,38371.38,41175.53
2021-07-31,41202.77,42312.49,41029.41,41980.21
2021-08-01,41980.94,42577.89,40668.43,41092.28
2021-08-02,41086.36,41201.43,38699.63,39210.46
2021-08-03,39213.15,39774.37,37715.48,38322.67
2021-08-04,38332.56,39953.33,37528.68,39833.77
2021-08-05,39835.53,41402.69,37349.23,40926.51
2021-08-06,40930.81,43274.89,39925.2,42482.75
2021-08-07,42478.56,44553.06,42478.56,43644.25
2021-08-08,43599.7,45299.54,43322.09,44260.26
2021-08-09,44256.06,46464.17,42818.07,45719.19
2021-08-10,45732.64,46653.92,44680.35,45726.46
2021-08-11,45711.73,46760.8,45255.61,46371.31
2021-08-12,46353.14,46353.14,43837.03,44249.34
2021-08-13,44249.88,47830.31,43904.95,47588.08
2021-08-14,47582.41,48128.1,46056.9,47049.75
2021-08-15,47049.84,47365,45607.16,46886.01
2021-08-16,46883.82,48052.96,45686.24,46069.78
2021-08-17,46069.47,47095.94,44593.11,44776.7
2021-08-18,44777.68,46021.52,44242.54,44621.77
2021-08-19,44600.46,46854.69,43994.64,46623.04
2021-08-20,46621.62,49303.87,46363.93,49303.87
2021-08-21,49324.85,49793.72,48330.03,49209.17
2021-08-22,49197.82,49466.51,48138.82,48713.75
2021-08-23,48719.16,50498.85,48653.61,49563.33
2021-08-24,49564.04,49858.09,47847.23,48200.97
2021-08-25,48204.41,49156.52,47143.96,49076.18
2021-08-26,49091.34,49353.67,46470.29,47263.73
2021-08-27,47267.68,49165.79,46382.31,48999.27
2021-08-28,48997.43,49304.6,48416.97,48972.05
2021-08-29,48971.81,49649.32,47865.75,48912.45
2021-08-30,48914.56,49396.36,47440.69,48407.41
2021-08-31,48405.47,48465.93,46719.36,46958.78
2021-09-01,46949.13,49018.21,46556.81,48447.06
2021-09-02,48445.81,50357.97,48320.28,49831.8
2021-09-03,49828.61,51017.44,48364.94,50250.58
2021-09-04,50251.25,50544.77,49519.14,50227.48
2021-09-05,50227.99,51808.05,49513.56,51728.37
2021-09-06,51724.39,52205.34,51046.41,52114.15
2021-09-07,52119.1,52913.02,43954.25,46502.89
2021-09-08,46551.68,47348.1,44484.75,46076.86
2021-09-09,46072.34,47298.93,45613.22,46487.16
2021-09-10,46487.43,47025.41,44237.11,44618.11
2021-09-11,44596.74,45984.93,44305.25,45403.88
2021-09-12,45402.7,46213.19,44775.81,45287.95
2021-09-13,45288.41,46815.71,43559.79,45162.28
2021-09-14,45133.23,46955.2,44786.91,46689.74
2021-09-15,46656.4,48445.56,46603.79,48183.23
2021-09-16,48181.35,48493.45,47053.88,47672.82
2021-09-17,47676.35,48166.66,46791.68,47246.82
2021-09-18,47268.34,48790.43,46918.7,47908.27
2021-09-19,47908.57,48366.87,47130.87,47461.24
2021-09-20,47460.42,47607.87,42601.28,43507.05
2021-09-21,43509.88,43917.91,39782.26,41435.94
2021-09-22,41428.26,44000.85,40250.02,43259.93
2021-09-23,43263.52,44930.68,43108.87,44692.63
2021-09-24,44694.83,45130.43,40863.19,42953.04
2021-09-25,42960.21,43118.11,41726.4,42724.43
2021-09-26,42722.92,43729.24,40829.53,43581.93
2021-09-27,43583.08,44338.58,42633.73,43096.22
2021-09-28,43098.54,43399.52,41144.15,41877.43
2021-09-29,41871.78,42571.16,40813.07,41250.15
2021-09-30,41247.96,44097.48,41124.65,43774.71
2021-10-01,43758.66,48439.2,43310.87,48378.75
2021-10-02,48370.82,48462.54,47479.85,48168.25
2021-10-03,48152.92,49182.49,47159.87,47809.81
2021-10-04,47794.97,49498.73,46966.53,48921.92
2021-10-05,48933.36,51884.61,48748.78,51762.19
2021-10-06,51762.08,55373.11,50445.19,55108.19
2021-10-07,55103.37,55652.91,53470.93,54293.55
2021-10-08,54295.27,55994.73,53669.49,54190.68
2021-10-09,54189.88,55448.4,53721.75,54865.73
2021-10-10,54865.65,56447.09,54192.37,54866.04
2021-10-11,54834.27,57819.22,54411.87,57143.78
2021-10-12,57156.24,57634.04,54142.16,56046.72
2021-10-13,56058.61,57700.65,54284.24,57516.62
2021-10-14,57505.82,58510.95,56867.88,57758.19
2021-10-15,57761.97,62852.27,56890.84,61199.95
2021-10-16,61216.71,62331.49,60175.86,60704.21
2021-10-17,60677.52,61420.25,59083.78,60609.91
2021-10-18,60629.81,62618.17,59935.54,61780.07
2021-10-19,61779.48,64334.62,61440.84,64094.95
2021-10-20,64095.36,66961.24,63552.49,65813.09
2021-10-21,65811.26,66642.86,62284.86,62698.17
2021-10-22,62739.91,63716.08,60060.49,60414.78
2021-10-23,60395.83,61730.57,59744.96,61040.65
2021-10-24,61039.34,61479.17,59536.6,60964.75
2021-10-25,60967.56,63703.9,60660.25,62839.91
2021-10-26,62829.54,63279.42,60642.61,60734.57
2021-10-27,60828.69,61465.84,58154.72,58801.19
2021-10-28,58796.73,62194.08,58164.21,60732.61
2021-10-29,60726.84,62954.23,60316.76,62384.75
2021-10-30,62385.49,62473.51,60838.42,61503.46
2021-10-31,61490.35,62388.41,60041.93,61428.18
2021-11-01,61417.06,62470.22,59586.11,61140.2
2021-11-02,61134.04,64278.56,60691.05,62980.01
2021-11-03,62976.77,63543.13,61133.51,62811.45
2021-11-04,62810.04,63098.23,60769.38,61186.79
2021-11-05,61186.5,62610.4,60789.77,61133.95
2021-11-06,61121.74,61589.51,60132.73,61402.83
2021-11-07,61406.77,63097.01,61338.45,62832.63
2021-11-08,62841.07,66554.45,62814.05,66539.23
2021-11-09,66536.97,68501.65,66343.04,67305.13
2021-11-10,67304.57,68976.48,63525.99,65145.62
2021-11-11,65139.35,65578.63,64144.41,65210.86
2021-11-12,65207.07,65462.48,62322.14,63929
2021-11-13,63948.46,64963.55,63407.75,64258.57
2021-11-14,64285.3,65312.79,63634.86,64526.58
2021-11-15,64532.25,66334.83,63447.95,63962.9
2021-11-16,63969.39,63975.66,58798.28,60615.35
2021-11-17,60615.2,60830.85,58586.6,59992.05
2021-11-18,60004.93,60955.42,56614.61,56614.61
2021-11-19,56646.51,58395.53,55669.82,57906.76
2021-11-20,57890.68,59779.29,57483.75,59779.29
2021-11-21,59760.01,60046.69,58596.33,59160.08
2021-11-22,59179.05,59362.87,55698.87,56741.71
2021-11-23,56748.21,57880.67,55441.62,57586.02
2021-11-24,57588.55,57753.54,55902.3,57010.68
2021-11-25,57003.37,59444.44,56992.57,58931.25
2021-11-26,58931.26,59361.33,53577.26,54098.98
2021-11-27,54095.65,55314.4,53556.96,54917.54
2021-11-28,54895.02,56765.79,53529.85,56094.7
2021-11-29,56071.91,58900,56071.91,58117.12
2021-11-30,58113.09,59245,55958.33,57345.01
2021-12-01,57335.8,59112.94,56487.17,57077.67
2021-12-02,57103.96,57421.52,55855.48,56887.65
2021-12-03,56885,57660.01,51689.48,53440.27
2021-12-04,53431,53875.94,44582.47,49303.19
2021-12-05,49307,49782.99,47875.12,49338.3
2021-12-06,49335.72,51012.83,47241.4,50891.36
2021-12-07,50882.34,51988.72,50074.81,50261.86
2021-12-08,50268.91,51242.8,48673.1,50230.87
2021-12-09,50246.78,50843.37,47327.6,47958.52
2021-12-10,47960.24,50112.11,47312.61,47523.61
2021-12-11,47522.24,49299.99,46800,48854.78
2021-12-12,48853.81,50811.44,48675.65,50330.79
2021-12-13,50313.41,50397.52,45841.81,46913.46
2021-12-14,46907.8,48669.4,46323.05,48285.9
2021-12-15,48280.4,49499.99,46583.25,48752.81
2021-12-16,48764.16,49450.74,47529.82,47830.03
2021-12-17,47830.86,48009.76,45498.72,46533.98
2021-12-18,46515.04,47367.27,45534.88,46807.88
2021-12-19,46792.56,48290,46440.57,47360.86
2021-12-20,47323.53,47544.94,45577.38,46792.05
2021-12-21,46751.6,49330.06,46653.25,49286.28
2021-12-22,49296.53,49579.97,48442.56,48997.68
2021-12-23,49001.48,51391.51,48039.6,50777.37
2021-12-24,50777.39,51865.29,50447.68,50785.3
2021-12-25,50796.73,51169.76,50191.27,50633.48
2021-12-26,50629.82,51295.33,49558.95,50999.91
2021-12-27,51005.67,52093.74,50469.18,51035.36
2021-12-28,51035.36,51075.53,47319.73,47701.16
2021-12-29,47689.56,48141.91,46591.28,47284.05,44617
2021-12-30,47284.06,47909.58,45983.62,47083.41,156400
2021-12-31,47094.3,48557.97,45682.57,46308.62,165647.64126011
2022-01-01,46308.61,47954.79,46142.88,47450.24,97690.498904693
2022-01-02,47450.23,47981.14,46669.33,47264.84,89208.102676195
2022-01-03,47264.83,47574.76,45704.57,46222.53,123696.62085234
2022-01-04,46222.53,47556.92,45490.9,46155.29,153019.76299514
2022-01-05,46147.77,47063.54,42495.75,43439.93,203519.31044276
2022-01-06,43432.7,43800,42429.34,43176.65,169849.47665674
2022-01-07,43176.65,43237.09,40803.84,41537.67,211436.1770068
2022-01-08,41537.67,42300,40586.19,41912.12,132679.78228361
2022-01-09,41911.1,42786.67,41204.09,42205.36,98137.285115821
2022-01-10,42205.36,42280,39716.04,41604.98,184553.62339125
2022-01-11,41602.47,43099.19,41265.87,42717.4,156067.44818591
2022-01-12,42717.63,44324.58,42458.49,43860.48,140355.27165791
2022-01-13,43860.49,44522.25,42328.15,42614.48,127188.89246805
2022-01-14,42611.74,43466.15,41746.89,43263.54,124644.53724968
2022-01-15,43263.54,43821.61,42587.03,43259.02,84035.14844798
2022-01-16,43259.01,43485.47,42614.42,43207.28,79910.947401932
2022-01-17,43209.69,43280.3,41557.38,42094.02,109301.77657587
2022-01-18,42094.01,42687.66,41296.54,42495.57,121976.18137208
2022-01-19,42493.69,42577.92,41152.34,41989.48,135783.37008353
2022-01-20,41989.47,43518.05,40864.09,41175.47,142558.22401867
2022-01-21,41172.59,41185.17,35560.11,36138.81,317850.87701759
2022-01-22,36143.5,36849.02,34100.46,34885.46,317395.71859034
2022-01-23,34878.55,36159.83,34607.93,35518.32,184536.4981698
2022-01-24,35515.58,37471.45,32971.75,36382.17,325739.56566081
2022-01-25,36382.17,37557.25,35713.72,36796.39,197825.62737615
2022-01-26,36803.39,38898.18,36261.74,36535.42,228501.21407178
2022-01-27,36531.31,37208.71,35528.31,36727.23,198879.40146105
2022-01-28,36717.71,38011.4,36169.48,37667.11,165313.95980362
2022-01-29,37662.62,38657.28,37299.27,38154.67,104164.19142584
2022-01-30,38151.44,38369.33,37367.74,37800.89,79404.638326157
2022-01-31,37798.69,38757.36,36667.33,38431.67,142724.74111358
2022-02-01,38431.66,39284.83,38019,38717.66,129510.01585305
2022-02-02,38717.8,38911.32,36623.48,37036.9,123446.00007461
2022-02-03,37046.89,37159.14,36299.6,36951.63,120638.69539942
2022-02-04,36951.86,40901.37,36893.1,40674.24,198769.92036782
2022-02-05,40674.26,41946.86,40593.09,41604.83,120555.23025765
2022-02-06,41604.83,42192.68,41141.23,41611.97,69618.326459555
2022-02-07,41599.58,44526.25,41513.75,44096.97,193808.22102363
2022-02-08,44100.84,45523.55,42703.19,44102.46,222509.75654189
2022-02-09,44102.66,44848.27,43152.41,44606.76,137342.65360535
2022-02-10,44606.77,45861.19,43239.05,43980.32,190035.8576858
2022-02-11,43988.36,44078.43,42014.6,42167.65,158682.22658379
2022-02-12,42167.66,43091.07,41764.18,42196.6,99506.460840425
2022-02-13,42196.6,42780.65,41890.93,42405.43,68723.428118983
2022-02-14,42396.98,42865.79,41579.94,42690.91,127780.0078481
2022-02-15,42699.41,44526.7,42448.45,44195.68,133266.48996754
2022-02-16,44195.67,44776.86,43340.15,44032.5,113177.94831175
2022-02-17,44032.51,44190.72,40097.25,40737.02,166107.79389943
2022-02-18,40742.77,40984.46,39537.25,39964.42,141787.48843307
2022-02-19,39959.26,40462.21,39658.85,40035.4,63982.841142052
2022-02-20,40035.41,40164.07,38018.31,38838.25,103305.8397071
2022-02-21,38834.65,39499.44,36818.64,37562.07,190714.18374228
2022-02-22,37557.06,38313.67,36362.08,37936.29,180659.9810013
2022-02-23,37936.29,39262.89,37118.55,37670.82,137381.02724515
2022-02-24,37670.82,39478.16,34356.87,37885.21,324749.9163179
2022-02-25,37892.35,39699.4,37892.35,39454.36,176671.82280277
2022-02-26,39443.01,40189.33,38594.68,39160.85,97068.985767652
2022-02-27,39160.84,39871.63,37018.5,37825.79,143760.61164683
2022-02-28,37815.32,44243.52,37367.94,42965.94,224842.19056222
2022-03-01,42864.35,44971.43,42828.25,44168.92,208441.98518502
2022-03-02,44170.01,45263.56,43342.77,44076.21,172415.79572144
2022-03-03,44076.21,44213.26,41845.55,42493.2,149745.30898016
2022-03-04,42500.6,42618.46,38563.57,39016.43,187373.43452965
2022-03-05,39013.4,39620.8,38415.68,39476.78,93218.364891371
2022-03-06,39476.78,39705.31,38101.17,38985.79,108627.61937633
2022-03-07,38990.02,39553.36,37162.44,38222.93,189266.72394359
2022-03-08,38222.93,39365.76,37875.23,38560,172547.22416569
2022-03-09,38559.99,42592.53,38537.78,41900.45,204021.64240219
2022-03-10,41900.45,42143.88,38615.42,39457.84,207011.44196894
2022-03-11,39457.84,40248.3,38240.93,38924.47,179562.75751447
2022-03-12,38924.47,39460,38668.26,39105.89,72502.734689479
2022-03-13,39105.9,39311.68,37618.03,37750.36,86846.929052552
2022-03-14,37734.13,39932.36,37559.82,39331.61,137052.32531766
2022-03-15,39334.26,39888.83,38107.62,39481.83,122851.4883248
2022-03-16,39478.84,41724.33,38928.36,40895.26,220909.53050825
2022-03-17,40895.26,41483.77,40508.1,41008.32,110874.48203799
2022-03-18,41008.33,42346.17,40167.63,41707.99,122914.97151849
2022-03-19,41707.99,42416.96,41524.9,41971.3,79154.983057754
2022-03-20,41971.31,42311.97,40929.38,41428.88,82944.255240559
2022-03-21,41452.56,41555.04,40486.97,41136.46,118200.9933895
2022-03-22,41136.45,43260.04,40895.96,42550,172727.87112048
2022-03-23,42551.26,42796.48,41772.41,42509.91,122132.12857911
2022-03-24,42509.91,44238.58,42415.94,43969.42,176689.8252927
2022-03-25,43965.3,45121.18,43605.16,44321.64,159271.13759765
2022-03-26,44317.22,44815.38,44089.61,44381.89,62727.970219037
2022-03-27,44383.71,46818.53,44383.71,46562.57,98360.387876166
2022-03-28,46585.86,48209.11,46367.67,47633.04,175628.36087639
2022-03-29,47657.79,48115.65,46903.64,47295.35,129731.65453621
2022-03-30,47290.72,47709.75,46637.73,47001.6,111133.89348914
2022-03-31,47001.6,47609.46,45532.69,45766.34,140262.57641513
2022-04-01,45770.91,46743.37,44213.26,46323.59,199448.46613731
2022-04-02,46323.59,47223.39,45641.87,46249.5,134158.64955702
2022-04-03,46249.5,46853.01,45546.24,46853.01,92369.151376488
2022-04-04,46950.51,47406,45131.54,46458.36,165397.84007605
2022-04-05,46462.99,47214.15,45469.75,45958.15,130478.19200957
2022-04-06,45958.15,46059.42,43182.89,43845.81,177194.68427027
2022-04-07,43845.81,43895.19,42731.61,43524.41,124660.41370044
2022-04-08,43524.42,43979.56,42463.63,42580.38,139968.66572974
2022-04-09,42580.39,42677.09,42119.77,42570.84,70375.908835866
2022-04-10,42570.83,43423.32,42450.54,42678.19,58617.964717718
